{"initial_reset_timestamp": 1568071333.85968, "timestamps": [1568071335.321263, 1568071335.974287, 1568071336.1509519], "episode_lengths": [14, 10, 30], "episode_rewards": [14.0, 10.0, 30.0], "episode_types": ["t", "t", "t"]}